{
  "timestamp": 1763603858,
  "problem_features": {
    "keywords_detected": [],
    "problem_embedding": [
      -0.0035719911102205515,
      0.022008391097187996,
      -0.04162956029176712,
      -0.05026913061738014,
      -0.09095273166894913,
      -0.03632602095603943,
      0.013306436128914356,
      0.05824131518602371,
      -0.02115960791707039,
      -0.06865502893924713,
      0.008401707746088505,
      -0.030094878748059273,
      0.03402533382177353,
      -0.03695347160100937,
      -0.06483031064271927,
      -0.005190316122025251,
      -0.036836862564086914,
      0.05218923091888428,
      0.020213128998875618,
      -0.11064856499433517,
      0.004852143116295338,
      -0.05443531274795532,
      -0.09897376596927643,
      0.010072605684399605,
      -0.023361869156360626,
      0.06591910123825073,
      -0.09282971173524857,
      0.02858620695769787,
      0.05894669145345688,
      -0.016070734709501266,
      0.035905640572309494,
      -0.04200064018368721,
      0.09583692997694016,
      -0.02159818634390831,
      -0.06506814807653427,
      0.08734343200922012,
      -0.038327112793922424,
      0.03065652586519718,
      -0.015682486817240715,
      0.030754199251532555,
      -0.10703525692224503,
      -0.0325855053961277,
      0.0012451045913621783,
      -0.026560021564364433,
      0.014734013006091118,
      0.0041525461710989475,
      -0.027067504823207855,
      -0.04004177823662758,
      -0.052954696118831635,
      -0.02934027649462223,
      0.019352750852704048,
      0.05714031681418419,
      0.031716130673885345,
      -0.022804120555520058,
      0.030476896092295647,
      -0.001061952207237482,
      0.037581995129585266,
      -0.0709526315331459,
      -0.0228714756667614,
      0.027791157364845276,
      -0.06968270242214203,
      -0.05112031102180481,
      0.036891303956508636,
      -0.02347477339208126,
      0.07926706969738007,
      0.015261958353221416,
      0.0677223727107048,
      -0.023268405348062515,
      -0.029335474595427513,
      0.01914205402135849,
      0.0026834369637072086,
      0.03391072899103165,
      -0.02642887458205223,
      0.03630091995000839,
      -0.003743963548913598,
      -0.03335550054907799,
      0.01792866736650467,
      -0.031230883672833443,
      -0.038150202482938766,
      0.016290565952658653,
      0.05501323565840721,
      0.0006290213204920292,
      -0.07835722714662552,
      0.0012826989404857159,
      -0.055985040962696075,
      -0.012573909014463425,
      -0.020450012758374214,
      0.07531808316707611,
      0.06060671806335449,
      0.0722479298710823,
      -0.0427359975874424,
      0.04745154455304146,
      -0.009566161781549454,
      0.06111838296055794,
      0.0721278116106987,
      0.03404757380485535,
      0.02469516545534134,
      -0.009035501629114151,
      -0.1039181724190712,
      0.07695677131414413,
      -0.038045331835746765,
      -0.00454188697040081,
      -0.0008741922210901976,
      -0.044374823570251465,
      0.008217482827603817,
      -0.027327924966812134,
      -0.03882528096437454,
      -0.029003918170928955,
      -0.09435437619686127,
      -0.04278890788555145,
      0.08044719696044922,
      -0.044714849442243576,
      0.037158653140068054,
      0.026319056749343872,
      0.024861756712198257,
      0.005020813085138798,
      0.06564877182245255,
      -0.024266421794891357,
      0.0011433145264163613,
      0.03840665519237518,
      0.07363541424274445,
      0.03919423744082451,
      -0.009491468779742718,
      -0.016250615939497948,
      0.042851537466049194,
      0.06253146380186081,
      -0.04937149956822395,
      2.42340962290179e-33,
      -0.015568777918815613,
      0.0008305024821311235,
      0.014695337973535061,
      -0.04942451789975166,
      -0.046826910227537155,
      0.0019093625014647841,
      0.05094439908862114,
      -0.045941732823848724,
      -0.011543394066393375,
      -0.019332554191350937,
      0.0048238541930913925,
      -0.034422505646944046,
      0.028685135766863823,
      -0.009916296228766441,
      0.027977721765637398,
      -0.09099923819303513,
      0.15333694219589233,
      0.034972283989191055,
      -0.14481329917907715,
      -0.131906658411026,
      0.019778886809945107,
      -0.007020454853773117,
      -0.012412969022989273,
      -0.05625148490071297,
      0.053162235766649246,
      -0.030297739431262016,
      -0.05039500817656517,
      -0.08411217480897903,
      -0.02541314996778965,
      -0.020913291722536087,
      -0.065318763256073,
      0.030786147341132164,
      -0.025569884106516838,
      0.020450765267014503,
      0.11213266104459763,
      -0.022421028465032578,
      0.052190203219652176,
      0.008761735633015633,
      0.04471772164106369,
      -0.08428807556629181,
      -0.02814958430826664,
      -0.045542046427726746,
      0.029431018978357315,
      0.046176809817552567,
      -0.003052219282835722,
      0.00010866255615837872,
      0.01988190971314907,
      0.0715918242931366,
      -0.08072611689567566,
      -0.015757691115140915,
      -0.01286366768181324,
      0.02027485892176628,
      -0.009913686662912369,
      0.010528025217354298,
      -0.024928366765379906,
      0.012510583736002445,
      0.021318327635526657,
      0.061311278492212296,
      0.008934477344155312,
      0.1072675958275795,
      0.000171459570992738,
      0.06427563726902008,
      -0.023365071043372154,
      0.044205520302057266,
      -0.04455423355102539,
      0.027979785576462746,
      -0.0775928646326065,
      -0.03163517266511917,
      0.030511261895298958,
      0.0587589368224144,
      -0.004615225829184055,
      0.07379534095525742,
      0.0023088152520358562,
      -0.003171113785356283,
      0.03407967835664749,
      0.008345571346580982,
      0.0519724078476429,
      -0.1015477254986763,
      -0.06286035478115082,
      -0.13130992650985718,
      0.01028097327798605,
      0.011422868818044662,
      0.04007603973150253,
      0.0036185283679515123,
      0.08731814473867416,
      -0.001594163361005485,
      0.09547298401594162,
      0.06398308277130127,
      -0.02372867986559868,
      0.010540895164012909,
      -0.14664697647094727,
      -0.006230947095900774,
      0.03347478061914444,
      -0.04816411808133125,
      -0.01890125870704651,
      -7.951167766881766e-35,
      0.055117469280958176,
      0.002500377595424652,
      0.07818490266799927,
      0.052069541066884995,
      0.043938908725976944,
      -0.043175239115953445,
      0.035027217119932175,
      -0.010353547520935535,
      -0.03999848663806915,
      0.044370293617248535,
      -0.05337829515337944,
      0.05031333118677139,
      0.022543679922819138,
      -0.02149914763867855,
      0.07726317644119263,
      0.05895603075623512,
      -0.01180841401219368,
      -0.03467724844813347,
      0.06506490707397461,
      -0.03803996741771698,
      0.06816181540489197,
      0.022702587768435478,
      -0.018189556896686554,
      0.049602750688791275,
      -0.01351089309900999,
      -0.017434842884540558,
      0.012599983252584934,
      0.017114456743001938,
      0.0505196787416935,
      0.0038771601393818855,
      -0.027310829609632492,
      -0.023570798337459564,
      -0.015361483208835125,
      -0.0084496159106493,
      0.019254697486758232,
      0.004778188653290272,
      0.05238368734717369,
      0.00853679422289133,
      0.09367130696773529,
      0.09282267838716507,
      -0.011472882702946663,
      -0.051605843007564545,
      0.07821066677570343,
      0.040498580783605576,
      0.006823441479355097,
      0.04116571322083473,
      -0.06486304849386215,
      0.09023517370223999,
      -0.0884196013212204,
      -0.08649511635303497,
      -0.0632924810051918,
      -0.07596562802791595,
      0.007556539494544268,
      0.07383182644844055,
      0.018271325156092644,
      0.04437324404716492,
      -0.05563037097454071,
      -0.01221092976629734,
